{
  "version": "1",
  "cognitoConfig": {
    "identityPoolName": "testAuthIdentityPool",
    "allowUnauthenticatedIdentities": true,
    "resourceNameTruncated": "genaslfc89c6b3",
    "userPoolName": "GenAslAvatarDemo",
    "autoVerifiedAttributes": [
      "email"
    ],
    "mfaConfiguration": "OFF",
    "mfaTypes": [
      "SMS Text Message"
    ],
    "smsAuthenticationMessage": "Your authentication code is {####}",
    "smsVerificationMessage": "Your verification code is {####}",
    "emailVerificationSubject": "Your verification code",
    "emailVerificationMessage": "Your verification code is {####}",
    "defaultPasswordPolicy": false,
    "passwordPolicyMinLength": 8,
    "passwordPolicyCharacters": [],
    "requiredAttributes": [],
    "aliasAttributes": [],
    "userpoolClientGenerateSecret": false,
    "userpoolClientRefreshTokenValidity": 30,
    "userpoolClientWriteAttributes": [],
    "userpoolClientReadAttributes": [],
    "userpoolClientLambdaRole": "GenAslfc89c6b3_userpoolclient_lambda_role",
    "userpoolClientSetAttributes": false,
    "sharedId": "fc89c6b3",
    "resourceName": "GenAslAvatarDemo",
    "authSelections": "identityPoolAndUserPool",
    "serviceName": "Cognito",
    "usernameAttributes": [
      "email"
    ],
    "useDefault": "default",
    "userPoolGroups": false,
    "userPoolGroupList": [],
    "adminQueries": false,
    "usernameCaseSensitive": false,
    "useEnabledMfas": true,
    "authRoleArn": {
      "Fn::GetAtt": [
        "AuthRole",
        "Arn"
      ]
    },
    "unauthRoleArn": {
      "Fn::GetAtt": [
        "UnauthRole",
        "Arn"
      ]
    },
    "breakCircularDependency": true,
    "dependsOn": [],
    "hostedUI": false,
    "authProviders": []
  }
}